Workbook

Sheet ERP_Product_List
A1: Product_ID | B1: Product_Code | C1: Product_Name | D1: Category_Code
A2: 1001 | B2: PRD-A12 | C2: Laptop 14 inch | D2: ELEC
A3: 1002 | B3: PRD-A15 | C3: Laptop 16 inch | D3: ELEC
A4: 1003 | B4: PRD-B10 | C4: Office Chair | D4: FURN
A5: 1004 | B5: PRD-B12 | C5: Study Desk | D5: FURN
A6: 1005 | B6: PRD-C01 | C6: Running Shoes | D6: APP
A7: 1006 | B7: PRD-C02 | C7: Training Shoes | D7: APP
A8: 1007 | B8: PRD-D05 | C8: Wireless Mouse | D8: ELEC
A9: 1008 | B9: PRD-D07 | C9: Mechanical Keyboard | D9: ELEC

Sheet Category_Mapping
A1: Category_Code | B1: Category_Name | C1: Reporting_Group
A2: ELEC | B2: Electronics | C2: Technology
A3: FURN | B3: Furniture | C3: Home
A4: APP | B4: Apparel | C4: Fashion

Sheet Sales_Data
A1: Order_ID | B1: Product_Code | C1: Units | D1: Revenue | E1: Category_Code
A2: 501 | B2: PRD-A12 | C2: 2 | D2: 1800 | E2: =_xlfn.XLOOKUP(sales[[#This Row],[Product_Code]],product[Product_Code],product[Category_Code]) -> ELEC
A3: 502 | B3: PRD-A15 | C3: 1 | D3: 1200 | E3: =_xlfn.XLOOKUP(sales[[#This Row],[Product_Code]],product[Product_Code],product[Category_Code]) -> ELEC
A4: 503 | B4: PRD-B10 | C4: 3 | D4: 900 | E4: =_xlfn.XLOOKUP(sales[[#This Row],[Product_Code]],product[Product_Code],product[Category_Code]) -> FURN
A5: 504 | B5: PRD-C01 | C5: 4 | D5: 600 | E5: =_xlfn.XLOOKUP(sales[[#This Row],[Product_Code]],product[Product_Code],product[Category_Code]) -> APP
A6: 505 | B6: PRD-D05 | C6: 5 | D6: 750 | E6: =_xlfn.XLOOKUP(sales[[#This Row],[Product_Code]],product[Product_Code],product[Category_Code]) -> ELEC
A7: 506 | B7: PRD-C02 | C7: 2 | D7: 320 | E7: =_xlfn.XLOOKUP(sales[[#This Row],[Product_Code]],product[Product_Code],product[Category_Code]) -> APP

Sheet Product_Master
A1: Product_Code | B1: Product_Name | C1: Category_Code | D1: Category_Name | E1: Reporting_Group
A2: =product[[#This Row],[Product_Code]] -> PRD-A12 | B2: =_xlfn.XLOOKUP(A2,product[Product_Code],product[Product_Name]) -> Laptop 14 inch | C2: =ERP_Product_List!D2 -> ELEC | D2: =_xlfn.XLOOKUP(C2,category[Category_Code],category[Category_Name]) -> Electronics | E2: =_xlfn.XLOOKUP(C2,category[Category_Code],category[Reporting_Group]) -> Technology
A3: =product[[#This Row],[Product_Code]] -> PRD-A15 | B3: =_xlfn.XLOOKUP(A3,product[Product_Code],product[Product_Name]) -> Laptop 16 inch | C3: =ERP_Product_List!D3 -> ELEC | D3: =_xlfn.XLOOKUP(C3,category[Category_Code],category[Category_Name]) -> Electronics | E3: =_xlfn.XLOOKUP(C3,category[Category_Code],category[Reporting_Group]) -> Technology
A4: =product[[#This Row],[Product_Code]] -> PRD-B10 | B4: =_xlfn.XLOOKUP(A4,product[Product_Code],product[Product_Name]) -> Office Chair | C4: =ERP_Product_List!D4 -> FURN | D4: =_xlfn.XLOOKUP(C4,category[Category_Code],category[Category_Name]) -> Furniture | E4: =_xlfn.XLOOKUP(C4,category[Category_Code],category[Reporting_Group]) -> Home
A5: =product[[#This Row],[Product_Code]] -> PRD-B12 | B5: =_xlfn.XLOOKUP(A5,product[Product_Code],product[Product_Name]) -> Study Desk | C5: =ERP_Product_List!D5 -> FURN | D5: =_xlfn.XLOOKUP(C5,category[Category_Code],category[Category_Name]) -> Furniture | E5: =_xlfn.XLOOKUP(C5,category[Category_Code],category[Reporting_Group]) -> Home
A6: =product[[#This Row],[Product_Code]] -> PRD-C01 | B6: =_xlfn.XLOOKUP(A6,product[Product_Code],product[Product_Name]) -> Running Shoes | C6: =ERP_Product_List!D6 -> APP | D6: =_xlfn.XLOOKUP(C6,category[Category_Code],category[Category_Name]) -> Apparel | E6: =_xlfn.XLOOKUP(C6,category[Category_Code],category[Reporting_Group]) -> Fashion
A7: =product[[#This Row],[Product_Code]] -> PRD-C02 | B7: =_xlfn.XLOOKUP(A7,product[Product_Code],product[Product_Name]) -> Training Shoes | C7: =ERP_Product_List!D7 -> APP | D7: =_xlfn.XLOOKUP(C7,category[Category_Code],category[Category_Name]) -> Apparel | E7: =_xlfn.XLOOKUP(C7,category[Category_Code],category[Reporting_Group]) -> Fashion
A8: =product[[#This Row],[Product_Code]] -> PRD-D05 | B8: =_xlfn.XLOOKUP(A8,product[Product_Code],product[Product_Name]) -> Wireless Mouse | C8: =ERP_Product_List!D8 -> ELEC | D8: =_xlfn.XLOOKUP(C8,category[Category_Code],category[Category_Name]) -> Electronics | E8: =_xlfn.XLOOKUP(C8,category[Category_Code],category[Reporting_Group]) -> Technology
A9: =product[[#This Row],[Product_Code]] -> PRD-D07 | B9: =_xlfn.XLOOKUP(A9,product[Product_Code],product[Product_Name]) -> Mechanical Keyboard | C9: =ERP_Product_List!D9 -> ELEC | D9: =_xlfn.XLOOKUP(C9,category[Category_Code],category[Category_Name]) -> Electronics | E9: =_xlfn.XLOOKUP(C9,category[Category_Code],category[Reporting_Group]) -> Technology
